datetime,symbol,open,high,low,close,volume
1999-05-31 22:00:00,CME_MINI:NQ1!,2293.5,2348.5,2268.5,2325.5,2456.0
1999-06-30 22:00:00,CME_MINI:NQ1!,2326.0,2489.0,2265.5,2294.0,57920.0
1999-08-01 22:00:00,CME_MINI:NQ1!,2266.5,2477.5,2132.0,2395.5,83324.0
1999-08-31 22:00:00,CME_MINI:NQ1!,2395.0,2588.0,2362.0,2439.5,80972.0
1999-09-30 22:00:00,CME_MINI:NQ1!,2436.5,2672.0,2318.5,2655.5,104355.0
1999-10-31 23:00:00,CME_MINI:NQ1!,2650.0,3165.0,2626.5,2972.0,120691.0
1999-11-30 23:00:00,CME_MINI:NQ1!,2971.0,3804.5,2961.5,3754.0,161344.0
2000-01-02 23:00:00,CME_MINI:NQ1!,3750.0,3938.0,3257.0,3612.5,301193.0
2000-01-31 23:00:00,CME_MINI:NQ1!,3606.5,4316.0,3564.0,4301.0,386267.0
2000-02-29 23:00:00,CME_MINI:NQ1!,4298.0,4884.0,4108.0,4457.5,522545.0
2000-04-02 22:00:00,CME_MINI:NQ1!,4417.0,4417.0,3148.0,3810.0,599269.0
2000-04-30 22:00:00,CME_MINI:NQ1!,3807.5,3910.0,2902.5,3325.0,744705.0
2000-05-31 22:00:00,CME_MINI:NQ1!,3324.0,4057.5,3324.0,3817.0,677644.0
2000-07-02 22:00:00,CME_MINI:NQ1!,3801.5,4134.5,3464.5,3617.0,755886.0
2000-07-31 22:00:00,CME_MINI:NQ1!,3616.0,4095.0,3370.0,4094.0,883112.0
2000-08-31 22:00:00,CME_MINI:NQ1!,4089.5,4186.0,3580.5,3621.0,1049991.0
2000-10-01 22:00:00,CME_MINI:NQ1!,3621.0,3668.0,2978.5,3298.0,1588826.0
2000-10-31 23:00:00,CME_MINI:NQ1!,3299.5,3400.0,2435.0,2530.0,1518227.0
2000-11-30 23:00:00,CME_MINI:NQ1!,2530.5,3033.0,2211.0,2374.5,1291787.0
2000-12-31 23:00:00,CME_MINI:NQ1!,2375.0,2797.0,2130.5,2611.0,1879203.0
2001-01-31 23:00:00,CME_MINI:NQ1!,2608.5,2647.5,1881.0,1913.0,1941199.0
2001-02-28 23:00:00,CME_MINI:NQ1!,1905.5,2036.5,1544.5,1588.0,2275576.0
2001-04-01 22:00:00,CME_MINI:NQ1!,1601.0,1997.0,1361.0,1866.5,2923006.0
2001-04-30 22:00:00,CME_MINI:NQ1!,1862.0,2080.5,1764.0,1798.5,2795588.0
2001-05-31 22:00:00,CME_MINI:NQ1!,1799.0,1999.0,1660.0,1855.0,2592862.0
2001-07-01 22:00:00,CME_MINI:NQ1!,1848.0,1882.0,1588.5,1693.0,2475685.0
2001-07-31 22:00:00,CME_MINI:NQ1!,1691.0,1779.5,1437.0,1472.5,2567569.0
2001-09-02 22:00:00,CME_MINI:NQ1!,1474.0,1523.0,1097.0,1175.0,2315085.0
2001-09-30 22:00:00,CME_MINI:NQ1!,1171.0,1493.0,1136.0,1369.0,3964161.0
2001-10-31 23:00:00,CME_MINI:NQ1!,1364.5,1648.0,1360.5,1598.0,3263778.0
2001-12-02 23:00:00,CME_MINI:NQ1!,1590.0,1738.0,1557.5,1583.5,2076269.0
2001-12-31 23:00:00,CME_MINI:NQ1!,1577.5,1717.0,1484.0,1553.5,3719312.0
2002-01-31 23:00:00,CME_MINI:NQ1!,1549.5,1565.5,1330.5,1360.5,3843644.0
2002-02-28 23:00:00,CME_MINI:NQ1!,1360.0,1575.0,1358.0,1459.5,3076884.0
2002-03-31 23:00:00,CME_MINI:NQ1!,1454.0,1489.5,1231.0,1280.0,4227364.0
2002-04-30 22:00:00,CME_MINI:NQ1!,1279.5,1354.0,1144.5,1209.5,4835568.0
2002-06-02 22:00:00,CME_MINI:NQ1!,1209.5,1219.5,974.0,1054.0,4012925.0
2002-06-30 22:00:00,CME_MINI:NQ1!,1054.5,1073.5,873.0,961.5,6038526.0
2002-07-31 22:00:00,CME_MINI:NQ1!,958.5,1055.0,857.0,943.5,4305028.0
2002-09-01 22:00:00,CME_MINI:NQ1!,942.0,980.5,826.0,837.0,3875705.0
2002-09-30 22:00:00,CME_MINI:NQ1!,835.5,1014.5,797.5,991.5,6252221.0
2002-10-31 23:00:00,CME_MINI:NQ1!,991.5,1145.0,973.5,1117.0,5031103.0
2002-12-01 23:00:00,CME_MINI:NQ1!,1112.5,1157.5,979.0,987.0,3873744.0
2002-12-31 23:00:00,CME_MINI:NQ1!,992.0,1108.5,965.0,984.5,5338706.0
2003-02-02 23:00:00,CME_MINI:NQ1!,984.0,1022.0,938.5,1010.5,4879522.0
2003-03-02 23:00:00,CME_MINI:NQ1!,1014.5,1103.5,945.0,1021.0,4619156.0
2003-03-31 23:00:00,CME_MINI:NQ1!,1019.0,1129.5,1015.5,1108.0,5130873.0
2003-04-30 22:00:00,CME_MINI:NQ1!,1107.0,1202.5,1095.0,1199.0,5238059.0
2003-06-01 22:00:00,CME_MINI:NQ1!,1198.5,1266.5,1180.0,1204.5,5483012.0
2003-06-30 22:00:00,CME_MINI:NQ1!,1206.0,1319.5,1179.0,1279.0,6365998.0
2003-07-31 22:00:00,CME_MINI:NQ1!,1278.5,1346.0,1204.0,1342.0,4920697.0
2003-08-31 22:00:00,CME_MINI:NQ1!,1341.0,1405.0,1303.0,1306.0,6235187.0
2003-09-30 22:00:00,CME_MINI:NQ1!,1305.5,1445.0,1304.5,1418.0,6598658.0
2003-11-02 23:00:00,CME_MINI:NQ1!,1412.5,1458.5,1356.5,1425.0,5496232.0
2003-11-30 23:00:00,CME_MINI:NQ1!,1424.0,1479.0,1372.5,1468.0,4527627.0
2003-12-31 23:00:00,CME_MINI:NQ1!,1473.0,1563.0,1460.5,1495.0,6641608.0
2004-02-01 23:00:00,CME_MINI:NQ1!,1494.0,1525.5,1452.0,1471.5,5858370.0
2004-02-29 23:00:00,CME_MINI:NQ1!,1473.0,1496.0,1365.5,1441.5,6882679.0
2004-03-31 23:00:00,CME_MINI:NQ1!,1443.5,1511.0,1399.5,1403.0,6385429.0
2004-05-02 22:00:00,CME_MINI:NQ1!,1399.5,1471.5,1372.5,1468.0,7055801.0
2004-05-31 22:00:00,CME_MINI:NQ1!,1466.0,1528.5,1441.5,1521.0,5645006.0
2004-06-30 22:00:00,CME_MINI:NQ1!,1521.5,1525.5,1360.0,1402.5,7512819.0
2004-08-01 22:00:00,CME_MINI:NQ1!,1400.0,1410.5,1302.0,1370.0,6117029.0
2004-08-31 22:00:00,CME_MINI:NQ1!,1369.5,1446.5,1360.0,1417.5,5566463.0
2004-09-30 22:00:00,CME_MINI:NQ1!,1417.0,1500.5,1412.0,1490.0,7318577.0
2004-10-31 23:00:00,CME_MINI:NQ1!,1481.0,1596.5,1481.0,1573.0,6108273.0
2004-11-30 23:00:00,CME_MINI:NQ1!,1578.5,1645.0,1574.5,1628.5,4529713.0
2005-01-02 23:00:00,CME_MINI:NQ1!,1628.0,1644.0,1484.5,1524.0,7173057.0
2005-01-31 23:00:00,CME_MINI:NQ1!,1522.5,1565.0,1490.5,1513.0,6146733.0
2005-02-28 23:00:00,CME_MINI:NQ1!,1513.5,1555.0,1463.5,1491.0,6242974.0
2005-03-31 23:00:00,CME_MINI:NQ1!,1491.5,1511.5,1397.5,1425.5,7235602.0
2005-05-01 22:00:00,CME_MINI:NQ1!,1426.0,1558.5,1419.0,1545.0,5732308.0
2005-05-31 22:00:00,CME_MINI:NQ1!,1544.0,1576.5,1499.5,1503.0,5287527.0
2005-06-30 22:00:00,CME_MINI:NQ1!,1502.0,1630.0,1465.0,1611.5,4894941.0
2005-07-31 22:00:00,CME_MINI:NQ1!,1616.0,1635.5,1544.5,1584.0,5163337.0
2005-08-31 22:00:00,CME_MINI:NQ1!,1585.5,1634.5,1563.5,1614.0,4853948.0
2005-10-02 22:00:00,CME_MINI:NQ1!,1615.5,1629.5,1523.0,1586.5,6581566.0
2005-10-31 23:00:00,CME_MINI:NQ1!,1578.0,1710.0,1574.0,1675.0,5530885.0
2005-11-30 23:00:00,CME_MINI:NQ1!,1678.0,1731.0,1654.0,1659.0,4043582.0
2006-01-01 23:00:00,CME_MINI:NQ1!,1658.0,1774.0,1646.0,1719.5,6906639.0
2006-01-31 23:00:00,CME_MINI:NQ1!,1698.5,1725.5,1642.5,1674.5,6118416.0
2006-02-28 23:00:00,CME_MINI:NQ1!,1673.0,1737.5,1634.0,1720.0,6354716.0
2006-04-02 22:00:00,CME_MINI:NQ1!,1724.25,1765.75,1696.25,1711.0,5457341.0
2006-04-30 22:00:00,CME_MINI:NQ1!,1714.5,1728.0,1557.25,1583.0,7832710.0
2006-05-31 22:00:00,CME_MINI:NQ1!,1583.0,1636.75,1520.5,1591.5,6669715.0
2006-07-02 22:00:00,CME_MINI:NQ1!,1593.5,1603.5,1457.75,1518.75,6950986.0
2006-07-31 22:00:00,CME_MINI:NQ1!,1516.0,1591.5,1481.75,1583.0,6309661.0
2006-08-31 22:00:00,CME_MINI:NQ1!,1584.0,1683.25,1559.0,1671.25,5958368.0
2006-10-01 22:00:00,CME_MINI:NQ1!,1670.5,1757.0,1638.0,1742.75,6766131.0
2006-10-31 23:00:00,CME_MINI:NQ1!,1743.25,1826.0,1701.25,1794.75,6505172.0
2006-11-30 23:00:00,CME_MINI:NQ1!,1794.25,1848.75,1762.5,1775.0,4331007.0
2006-12-31 23:00:00,CME_MINI:NQ1!,1780.5,1867.75,1747.0,1802.5,7115855.0
2007-01-31 23:00:00,CME_MINI:NQ1!,1804.5,1857.5,1743.25,1765.5,6952475.0
2007-02-28 23:00:00,CME_MINI:NQ1!,1764.5,1831.0,1704.75,1790.75,7501575.0
2007-04-01 22:00:00,CME_MINI:NQ1!,1791.75,1909.0,1778.25,1879.25,4974818.0
2007-04-30 22:00:00,CME_MINI:NQ1!,1876.5,1935.75,1868.0,1932.25,7063869.0
2007-05-31 22:00:00,CME_MINI:NQ1!,1933.5,1975.0,1874.0,1956.0,6863218.0
2007-07-01 22:00:00,CME_MINI:NQ1!,1955.0,2077.75,1942.25,1945.75,8120222.0
2007-07-31 22:00:00,CME_MINI:NQ1!,1951.5,2006.75,1813.75,1994.75,10551899.0
2007-09-02 22:00:00,CME_MINI:NQ1!,1994.75,2124.0,1947.0,2114.0,5730290.0
2007-09-30 22:00:00,CME_MINI:NQ1!,2116.25,2253.0,2108.5,2252.5,8914908.0
2007-10-31 22:00:00,CME_MINI:NQ1!,2252.5,2256.25,1982.25,2094.5,11136694.0
2007-12-02 23:00:00,CME_MINI:NQ1!,2092.75,2165.0,2021.0,2104.75,5399734.0
2007-12-31 23:00:00,CME_MINI:NQ1!,2111.25,2117.0,1698.25,1847.75,11596482.0
2008-01-31 23:00:00,CME_MINI:NQ1!,1835.75,1879.0,1713.0,1748.25,8062613.0
2008-03-02 23:00:00,CME_MINI:NQ1!,1748.0,1839.5,1668.75,1790.5,8202114.0
2008-03-31 22:00:00,CME_MINI:NQ1!,1785.5,1960.5,1777.25,1923.25,6879944.0
2008-04-30 22:00:00,CME_MINI:NQ1!,1922.25,2054.25,1921.5,2035.25,7407416.0
2008-06-01 22:00:00,CME_MINI:NQ1!,2037.0,2062.75,1836.0,1846.0,8471210.0
2008-06-30 22:00:00,CME_MINI:NQ1!,1849.75,1887.25,1765.25,1853.75,10469033.0
2008-07-31 22:00:00,CME_MINI:NQ1!,1854.25,1977.25,1801.75,1875.0,7597223.0
2008-08-31 22:00:00,CME_MINI:NQ1!,1875.25,1915.5,1494.0,1594.25,9826006.0
2008-09-30 22:00:00,CME_MINI:NQ1!,1599.75,1600.25,1136.75,1337.0,12282000.0
2008-11-02 23:00:00,CME_MINI:NQ1!,1340.0,1389.0,1017.75,1186.0,7296261.0
2008-11-30 23:00:00,CME_MINI:NQ1!,1185.75,1252.5,1089.5,1212.5,5417483.0
2008-12-31 23:00:00,CME_MINI:NQ1!,1211.0,1287.0,1132.0,1179.25,5702041.0
2009-02-01 23:00:00,CME_MINI:NQ1!,1181.0,1286.0,1107.25,1117.0,6783740.0
2009-03-01 23:00:00,CME_MINI:NQ1!,1114.25,1281.75,1040.25,1237.5,7563235.0
2009-03-31 22:00:00,CME_MINI:NQ1!,1228.0,1417.25,1210.0,1393.5,6381613.0
2009-04-30 22:00:00,CME_MINI:NQ1!,1388.75,1442.75,1336.5,1435.5,6236963.0
2009-05-31 22:00:00,CME_MINI:NQ1!,1434.0,1517.75,1412.0,1476.25,5672281.0
2009-06-30 22:00:00,CME_MINI:NQ1!,1476.5,1632.0,1392.5,1602.0,6238277.0
2009-08-02 22:00:00,CME_MINI:NQ1!,1601.25,1668.5,1561.25,1625.0,5943514.0
2009-08-31 22:00:00,CME_MINI:NQ1!,1625.0,1753.25,1584.5,1717.5,5739789.0
2009-09-30 22:00:00,CME_MINI:NQ1!,1716.0,1779.25,1649.75,1665.5,7043481.0
2009-11-01 23:00:00,CME_MINI:NQ1!,1661.0,1813.75,1650.25,1767.5,5676433.0
2009-11-30 23:00:00,CME_MINI:NQ1!,1766.5,1882.0,1758.75,1858.75,4680136.0
2010-01-03 23:00:00,CME_MINI:NQ1!,1865.5,1900.0,1731.75,1739.25,6702513.0
2010-01-31 23:00:00,CME_MINI:NQ1!,1740.0,1833.0,1710.75,1818.5,6170647.0
2010-02-28 23:00:00,CME_MINI:NQ1!,1821.25,1974.25,1821.25,1955.75,5545631.0
2010-03-31 22:00:00,CME_MINI:NQ1!,1955.75,2058.75,1940.75,1998.5,5934028.0
2010-05-02 22:00:00,CME_MINI:NQ1!,2002.25,2038.0,1730.25,1852.0,8659018.0
2010-05-30 22:00:00,CME_MINI:NQ1!,1852.0,1941.0,1733.0,1738.0,6999467.0
2010-06-30 22:00:00,CME_MINI:NQ1!,1736.25,1900.75,1698.0,1862.25,6902737.0
2010-08-01 22:00:00,CME_MINI:NQ1!,1868.75,1918.0,1744.0,1766.5,6607964.0
2010-08-31 22:00:00,CME_MINI:NQ1!,1773.25,2032.0,1770.5,1995.5,6341749.0
2010-09-30 22:00:00,CME_MINI:NQ1!,1995.75,2136.75,1961.0,2122.0,6244859.0
2010-10-31 22:00:00,CME_MINI:NQ1!,2125.0,2198.0,2083.5,2117.0,6054988.0
2010-11-30 23:00:00,CME_MINI:NQ1!,2115.0,2239.0,2110.75,2216.0,3613997.0
2011-01-02 23:00:00,CME_MINI:NQ1!,2220.0,2346.5,2219.25,2280.0,4982701.0
2011-01-31 23:00:00,CME_MINI:NQ1!,2284.0,2403.0,2280.25,2350.75,4758968.0
2011-02-28 23:00:00,CME_MINI:NQ1!,2351.0,2378.75,2185.75,2336.25,6874070.0
2011-03-31 22:00:00,CME_MINI:NQ1!,2339.0,2415.75,2250.25,2400.75,4908808.0
2011-05-01 22:00:00,CME_MINI:NQ1!,2408.0,2428.0,2281.0,2371.75,5938726.0
2011-05-31 22:00:00,CME_MINI:NQ1!,2375.5,2380.75,2174.0,2321.0,5922015.0
2011-06-30 22:00:00,CME_MINI:NQ1!,2318.75,2435.5,2314.5,2359.25,5268787.0
2011-07-31 22:00:00,CME_MINI:NQ1!,2386.0,2395.0,1972.25,2240.75,8870184.0
2011-08-31 22:00:00,CME_MINI:NQ1!,2243.5,2332.5,2108.25,2134.5,6976534.0
2011-10-02 22:00:00,CME_MINI:NQ1!,2126.5,2408.75,2035.75,2356.0,6812541.0
2011-10-31 22:00:00,CME_MINI:NQ1!,2353.25,2399.5,2135.75,2295.0,5804709.0
2011-11-30 23:00:00,CME_MINI:NQ1!,2293.25,2344.75,2204.25,2274.5,3957606.0
2012-01-01 23:00:00,CME_MINI:NQ1!,2312.5,2478.5,2302.5,2464.25,3622979.0
2012-01-31 23:00:00,CME_MINI:NQ1!,2455.0,2645.25,2453.5,2623.0,4272002.0
2012-02-29 23:00:00,CME_MINI:NQ1!,2623.75,2790.25,2575.0,2750.75,5101526.0
2012-04-01 22:00:00,CME_MINI:NQ1!,2758.0,2791.5,2624.75,2719.25,5653930.0
2012-04-30 22:00:00,CME_MINI:NQ1!,2719.5,2753.0,2465.0,2524.0,6425137.0
2012-05-31 22:00:00,CME_MINI:NQ1!,2520.0,2628.25,2433.75,2609.75,5221242.0
2012-07-01 22:00:00,CME_MINI:NQ1!,2612.0,2658.0,2516.5,2636.5,4852082.0
2012-07-31 22:00:00,CME_MINI:NQ1!,2634.75,2802.5,2600.0,2771.0,4445605.0
2012-09-02 22:00:00,CME_MINI:NQ1!,2773.0,2871.75,2742.75,2792.0,4198886.0
2012-09-30 22:00:00,CME_MINI:NQ1!,2789.0,2840.75,2604.5,2640.5,5577603.0
2012-10-31 22:00:00,CME_MINI:NQ1!,2634.25,2694.0,2492.0,2675.75,5842629.0
2012-12-02 23:00:00,CME_MINI:NQ1!,2676.0,2713.75,2580.0,2655.25,4553915.0
2012-12-31 23:00:00,CME_MINI:NQ1!,2686.25,2768.75,2686.25,2725.0,4419673.0
2013-01-31 23:00:00,CME_MINI:NQ1!,2733.0,2786.5,2689.0,2738.0,4350567.0
2013-02-28 23:00:00,CME_MINI:NQ1!,2738.0,2827.75,2711.75,2811.0,4130921.0
2013-03-31 22:00:00,CME_MINI:NQ1!,2811.0,2884.25,2724.0,2880.0,5224810.0
2013-04-30 22:00:00,CME_MINI:NQ1!,2884.0,3053.5,2862.25,2980.25,4539251.0
2013-06-02 22:00:00,CME_MINI:NQ1!,2981.0,3007.0,2817.75,2901.25,5486994.0
2013-06-30 22:00:00,CME_MINI:NQ1!,2902.75,3105.0,2894.25,3083.0,4221402.0
2013-07-31 22:00:00,CME_MINI:NQ1!,3088.75,3148.0,3052.5,3073.5,4679452.0
2013-09-01 22:00:00,CME_MINI:NQ1!,3088.75,3241.5,3076.0,3209.0,4342348.0
2013-09-30 22:00:00,CME_MINI:NQ1!,3221.25,3401.75,3110.75,3369.0,6073438.0
2013-10-31 22:00:00,CME_MINI:NQ1!,3377.25,3496.5,3310.0,3487.5,4273900.0
2013-12-01 23:00:00,CME_MINI:NQ1!,3493.0,3594.75,3415.25,3583.75,4056501.0
2013-12-31 23:00:00,CME_MINI:NQ1!,3575.75,3635.25,3454.25,3514.0,5637514.0
2014-02-02 23:00:00,CME_MINI:NQ1!,3514.0,3722.5,3412.0,3695.25,5220912.0
2014-03-02 23:00:00,CME_MINI:NQ1!,3678.0,3740.5,3535.25,3586.25,6369964.0
2014-03-31 22:00:00,CME_MINI:NQ1!,3583.25,3669.0,3404.75,3573.25,7764368.0
2014-04-30 22:00:00,CME_MINI:NQ1!,3577.0,3740.5,3497.5,3735.5,5523271.0
2014-06-01 22:00:00,CME_MINI:NQ1!,3735.0,3851.25,3707.25,3840.5,4352709.0
2014-06-30 22:00:00,CME_MINI:NQ1!,3847.0,3991.25,3831.5,3884.75,5297117.0
2014-07-31 22:00:00,CME_MINI:NQ1!,3890.5,4086.0,3826.5,4082.0,4756416.0
2014-08-31 22:00:00,CME_MINI:NQ1!,4078.75,4118.75,3998.0,4044.75,6005235.0
2014-09-30 22:00:00,CME_MINI:NQ1!,4036.25,4163.5,3684.0,4150.5,10098897.0
2014-11-02 23:00:00,CME_MINI:NQ1!,4150.25,4348.0,4119.75,4338.25,4001590.0
2014-11-30 23:00:00,CME_MINI:NQ1!,4330.75,4335.5,4080.75,4232.75,5730683.0
2014-12-31 23:00:00,CME_MINI:NQ1!,4240.25,4286.25,4041.5,4141.25,6832557.0
2015-02-01 23:00:00,CME_MINI:NQ1!,4143.5,4464.75,4085.5,4442.5,3982918.0
2015-03-01 23:00:00,CME_MINI:NQ1!,4447.0,4483.25,4270.0,4329.5,5138780.0
2015-03-31 22:00:00,CME_MINI:NQ1!,4321.75,4555.5,4259.0,4408.25,4615552.0
2015-04-30 22:00:00,CME_MINI:NQ1!,4414.0,4551.0,4332.5,4511.0,3878048.0
2015-05-31 22:00:00,CME_MINI:NQ1!,4514.0,4555.25,4368.25,4390.25,4698572.0
2015-06-30 22:00:00,CME_MINI:NQ1!,4392.75,4686.0,4331.75,4585.0,5098591.0
2015-08-02 22:00:00,CME_MINI:NQ1!,4583.25,4629.0,3908.25,4271.75,7403507.0
2015-08-31 22:00:00,CME_MINI:NQ1!,4266.0,4441.75,4040.75,4163.0,5762975.0
2015-09-30 22:00:00,CME_MINI:NQ1!,4154.0,4690.25,4111.5,4643.25,5775819.0
2015-11-01 23:00:00,CME_MINI:NQ1!,4644.5,4729.75,4455.0,4668.75,4423547.0
2015-11-30 23:00:00,CME_MINI:NQ1!,4678.75,4739.5,4477.25,4587.75,5123656.0
2015-12-31 23:00:00,CME_MINI:NQ1!,4592.5,4606.75,3983.5,4263.0,8219688.0
2016-01-31 23:00:00,CME_MINI:NQ1!,4263.25,4309.25,3862.5,4201.25,6808865.0
2016-02-29 23:00:00,CME_MINI:NQ1!,4199.25,4510.25,4180.25,4476.25,5050885.0
2016-03-31 22:00:00,CME_MINI:NQ1!,4477.75,4584.5,4296.75,4331.5,5005508.0
2016-05-01 22:00:00,CME_MINI:NQ1!,4337.0,4528.25,4271.0,4524.25,4807424.0
2016-05-31 22:00:00,CME_MINI:NQ1!,4522.0,4545.5,4167.75,4407.0,5167895.0
2016-06-30 22:00:00,CME_MINI:NQ1!,4397.0,4736.5,4365.75,4726.75,3856103.0
2016-07-31 22:00:00,CME_MINI:NQ1!,4737.5,4836.75,4681.75,4773.75,4050048.0
2016-08-31 22:00:00,CME_MINI:NQ1!,4774.0,4892.25,4629.0,4870.25,5335727.0
2016-10-02 22:00:00,CME_MINI:NQ1!,4867.25,4919.5,4754.5,4796.75,4708695.0
2016-10-31 22:00:00,CME_MINI:NQ1!,4802.75,4897.75,4558.5,4816.0,5385003.0
2016-11-30 23:00:00,CME_MINI:NQ1!,4819.0,4994.5,4701.5,4864.0,3739376.0
2017-01-01 23:00:00,CME_MINI:NQ1!,4876.75,5168.5,4876.75,5112.75,3621653.0
2017-01-31 23:00:00,CME_MINI:NQ1!,5132.0,5361.25,5119.5,5332.25,3393613.0
2017-02-28 23:00:00,CME_MINI:NQ1!,5334.5,5452.75,5315.0,5438.5,4988009.0
2017-04-02 22:00:00,CME_MINI:NQ1!,5436.75,5599.0,5347.5,5580.5,4373600.0
2017-04-30 22:00:00,CME_MINI:NQ1!,5581.0,5819.25,5550.5,5793.25,5117422.0
2017-05-31 22:00:00,CME_MINI:NQ1!,5804.75,5898.75,5601.0,5652.75,7232498.0
2017-07-02 22:00:00,CME_MINI:NQ1!,5658.0,5995.75,5560.25,5882.5,5519190.0
2017-07-31 22:00:00,CME_MINI:NQ1!,5884.5,5998.0,5752.25,5990.75,7457583.0
2017-08-31 22:00:00,CME_MINI:NQ1!,5994.0,6019.75,5842.0,5982.5,5877357.0
2017-10-01 22:00:00,CME_MINI:NQ1!,5984.0,6258.75,5958.5,6249.75,5488235.0
2017-10-31 22:00:00,CME_MINI:NQ1!,6249.75,6429.5,6192.5,6369.0,6378892.0
2017-11-30 23:00:00,CME_MINI:NQ1!,6353.75,6545.75,6231.75,6408.75,5546070.0
2017-12-31 23:00:00,CME_MINI:NQ1!,6405.0,7047.25,6397.75,6962.5,6986062.0
2018-01-31 23:00:00,CME_MINI:NQ1!,6973.0,7009.0,6164.0,6865.0,9676883.0
2018-02-28 23:00:00,CME_MINI:NQ1!,6879.5,7214.5,6421.0,6594.0,11100738.0
2018-04-01 22:00:00,CME_MINI:NQ1!,6557.0,6867.0,6306.75,6613.0,10004148.0
2018-04-30 22:00:00,CME_MINI:NQ1!,6606.0,7023.5,6538.0,6977.0,7672062.0
2018-05-31 22:00:00,CME_MINI:NQ1!,6982.5,7358.5,6956.0,7066.75,7502682.0
2018-07-01 22:00:00,CME_MINI:NQ1!,7068.25,7530.0,6987.5,7244.75,7274283.0
2018-07-31 22:00:00,CME_MINI:NQ1!,7293.0,7697.0,7214.25,7661.25,7572257.0
2018-09-02 22:00:00,CME_MINI:NQ1!,7670.0,7693.75,7393.0,7655.25,8148224.0
2018-09-30 22:00:00,CME_MINI:NQ1!,7672.0,7728.75,6580.5,6975.5,16641451.0
2018-10-31 22:00:00,CME_MINI:NQ1!,6960.0,7231.0,6449.5,6949.5,13051988.0
2018-12-02 23:00:00,CME_MINI:NQ1!,7041.0,7139.0,5820.5,6333.25,12874861.0
2019-01-01 23:00:00,CME_MINI:NQ1!,6349.5,6943.0,6136.5,6914.75,10834639.0
2019-01-31 23:00:00,CME_MINI:NQ1!,6911.0,7168.5,6841.0,7102.5,7694175.0
2019-02-28 23:00:00,CME_MINI:NQ1!,7106.5,7544.75,6939.0,7400.5,9572372.0
2019-03-31 22:00:00,CME_MINI:NQ1!,7430.0,7879.5,7428.5,7800.0,8150702.0
2019-04-30 22:00:00,CME_MINI:NQ1!,7848.75,7872.5,7129.25,7133.5,12790997.0
2019-06-02 22:00:00,CME_MINI:NQ1!,7110.0,7821.0,6941.25,7693.75,8393105.0
2019-06-30 22:00:00,CME_MINI:NQ1!,7781.5,8051.75,7743.0,7866.75,7912845.0
2019-07-31 22:00:00,CME_MINI:NQ1!,7834.0,8014.5,7224.5,7690.75,13364228.0
2019-09-01 22:00:00,CME_MINI:NQ1!,7628.25,7982.75,7580.75,7770.5,8455797.0
2019-09-30 22:00:00,CME_MINI:NQ1!,7784.0,8141.0,7474.25,8090.25,9465167.0
2019-10-31 22:00:00,CME_MINI:NQ1!,8094.25,8458.75,8084.5,8417.5,6721180.0
2019-12-01 23:00:00,CME_MINI:NQ1!,8424.5,8843.5,8168.25,8752.25,7020513.0
2019-12-31 23:00:00,CME_MINI:NQ1!,8776.75,9287.25,8678.0,8997.75,12091541.0
2020-02-02 23:00:00,CME_MINI:NQ1!,8982.75,9763.0,8126.25,8454.0,15436423.0
2020-03-01 23:00:00,CME_MINI:NQ1!,8349.25,9002.5,6628.75,7786.25,15815932.0
2020-03-31 22:00:00,CME_MINI:NQ1!,7772.5,9144.75,7376.0,8988.5,9239169.0
2020-04-30 22:00:00,CME_MINI:NQ1!,8847.0,9604.0,8556.25,9560.25,9145210.0
2020-05-31 22:00:00,CME_MINI:NQ1!,9513.0,10296.25,9381.75,10147.25,10497810.0
2020-06-30 22:00:00,CME_MINI:NQ1!,10141.0,11058.5,10076.0,10890.5,12093981.0
2020-08-02 22:00:00,CME_MINI:NQ1!,10933.25,12165.0,10845.5,12114.0,9551690.0
2020-08-31 22:00:00,CME_MINI:NQ1!,12109.75,12465.25,10656.5,11407.25,14576418.0
2020-09-30 22:00:00,CME_MINI:NQ1!,11375.0,12249.0,10944.5,11046.25,13198308.0
2020-11-01 23:00:00,CME_MINI:NQ1!,11034.5,12408.75,10942.25,12277.0,10330603.0
2020-11-30 23:00:00,CME_MINI:NQ1!,12336.0,12918.25,12218.25,12885.5,8685607.0
2021-01-03 23:00:00,CME_MINI:NQ1!,12889.0,13599.75,12491.25,12911.25,10188559.0
2021-01-31 23:00:00,CME_MINI:NQ1!,12849.0,13900.5,12662.25,12911.0,10811597.0
2021-02-28 23:00:00,CME_MINI:NQ1!,12957.5,13328.25,12207.25,13089.75,14481545.0
2021-03-31 22:00:00,CME_MINI:NQ1!,13094.5,14064.0,13090.25,13850.0,10121264.0
2021-05-02 22:00:00,CME_MINI:NQ1!,13880.25,13947.5,12915.0,13686.5,10554306.0
2021-05-30 22:00:00,CME_MINI:NQ1!,13699.0,14598.5,13462.25,14549.0,9507036.0
2021-06-30 22:00:00,CME_MINI:NQ1!,14558.5,15134.0,14445.0,14955.75,10543085.0
2021-08-01 22:00:00,CME_MINI:NQ1!,14972.75,15677.25,14710.5,15582.5,10457685.0
2021-08-31 22:00:00,CME_MINI:NQ1!,15599.5,15708.75,14670.25,14682.5,11778729.0
2021-09-30 22:00:00,CME_MINI:NQ1!,14702.25,15864.75,14367.75,15838.5,11176482.0
2021-10-31 22:00:00,CME_MINI:NQ1!,15885.25,16767.5,15768.5,16150.5,11796230.0
2021-11-30 23:00:00,CME_MINI:NQ1!,16238.75,16659.5,15492.0,16320.75,12569959.0
2022-01-02 23:00:00,CME_MINI:NQ1!,16356.0,16564.0,13706.0,14905.0,16334953.0
2022-01-31 23:00:00,CME_MINI:NQ1!,14868.75,15260.0,13025.75,14228.0,13880877.0
2022-02-28 23:00:00,CME_MINI:NQ1!,14219.25,15268.75,12942.5,14868.75,13430102.0
2022-03-31 22:00:00,CME_MINI:NQ1!,14918.75,15198.0,12801.5,12852.0,12864664.0
2022-05-01 22:00:00,CME_MINI:NQ1!,12892.25,13555.25,11491.25,12646.5,15692638.0
2022-05-31 22:00:00,CME_MINI:NQ1!,12662.5,12945.25,11068.5,11529.5,13509553.0
2022-06-30 22:00:00,CME_MINI:NQ1!,11507.5,13012.0,11381.75,12971.5,12294206.0
2022-07-31 22:00:00,CME_MINI:NQ1!,12981.0,13740.75,12247.5,12285.25,13999308.0
2022-08-31 22:00:00,CME_MINI:NQ1!,12284.75,12987.0,11024.25,11035.5,15912878.0
2022-10-02 22:00:00,CME_MINI:NQ1!,11030.0,11734.0,10484.75,11447.25,16031242.0
2022-10-31 22:00:00,CME_MINI:NQ1!,11455.0,12118.75,10636.0,12042.25,13197524.0
2022-11-30 23:00:00,CME_MINI:NQ1!,12079.25,12339.0,10758.75,11022.25,12351692.0
2023-01-02 23:00:00,CME_MINI:NQ1!,11122.5,12308.5,10751.0,12152.0,12325282.0
2023-01-31 23:00:00,CME_MINI:NQ1!,12116.0,12949.75,11923.0,12072.25,12220758.0
2023-02-28 23:00:00,CME_MINI:NQ1!,12041.25,13311.5,11674.25,13301.75,15915449.0
2023-04-02 22:00:00,CME_MINI:NQ1!,13262.0,13348.75,12800.0,13320.25,11679040.0
2023-04-30 22:00:00,CME_MINI:NQ1!,13317.0,14570.0,13001.75,14300.5,14311417.0
2023-05-31 22:00:00,CME_MINI:NQ1!,14289.5,15475.5,14248.25,15337.0,13175573.0
2023-07-02 22:00:00,CME_MINI:NQ1!,15331.0,16062.75,15063.25,15857.5,12133492.0
2023-07-31 22:00:00,CME_MINI:NQ1!,15869.25,15889.25,14609.25,15538.5,15148893.0
2023-08-31 22:00:00,CME_MINI:NQ1!,15534.0,15719.75,14586.0,14866.5,12608665.0
2023-10-01 22:00:00,CME_MINI:NQ1!,14965.0,15468.75,14140.25,14490.25,16870823.0
2023-10-31 22:00:00,CME_MINI:NQ1!,14460.0,16208.5,14410.75,15985.5,12603600.0
2023-11-30 23:00:00,CME_MINI:NQ1!,15955.0,17165.25,15721.25,17023.5,11345286.0
2024-01-01 23:00:00,CME_MINI:NQ1!,17019.0,17793.5,16334.25,17242.25,13870683.0
2024-01-31 23:00:00,CME_MINI:NQ1!,17273.25,18144.75,17262.75,18082.75,13149620.0
2024-02-29 23:00:00,CME_MINI:NQ1!,18075.0,18709.0,17832.5,18475.0,13288807.0
2024-03-31 22:00:00,CME_MINI:NQ1!,18503.0,18612.0,17113.25,17571.25,15750260.0
2024-04-30 22:00:00,CME_MINI:NQ1!,17462.5,19023.25,17386.25,18591.0,12406543.0
2024-06-02 22:00:00,CME_MINI:NQ1!,18590.25,20371.0,18435.75,19927.25,11897964.0
2024-06-30 22:00:00,CME_MINI:NQ1!,19970.0,20983.75,18725.0,19505.25,15356627.0
2024-07-31 22:00:00,CME_MINI:NQ1!,19593.25,20025.25,17351.0,19623.0,13013321.0
2024-09-01 22:00:00,CME_MINI:NQ1!,19599.0,20538.0,18339.75,20261.25,10659591.0
2024-09-30 22:00:00,CME_MINI:NQ1!,20234.25,20788.5,19818.0,20021.75,11368502.0
2024-10-31 22:00:00,CME_MINI:NQ1!,20071.0,21340.75,20013.0,20993.5,10625018.0
2024-12-01 23:00:00,CME_MINI:NQ1!,20995.25,22425.75,20940.0,21226.5,11171074.0
2025-01-01 23:00:00,CME_MINI:NQ1!,21269.0,22093.5,20694.0,21589.25,12621567.0
2025-02-02 23:00:00,CME_MINI:NQ1!,21200.0,22319.75,20460.5,20919.5,11248917.0
2025-03-02 23:00:00,CME_MINI:NQ1!,21005.25,21121.0,18976.75,19439.5,14725955.0
2025-03-31 22:00:00,CME_MINI:NQ1!,19411.25,20044.25,16460.0,19658.5,15774025.0
2025-04-30 22:00:00,CME_MINI:NQ1!,19834.0,21858.75,19678.75,21376.75,10972341.0
2025-06-01 22:00:00,CME_MINI:NQ1!,21303.75,22934.75,21163.0,22893.25,9238721.0
2025-06-30 22:00:00,CME_MINI:NQ1!,22867.5,23845.0,22582.0,23365.0,10339947.0
2025-07-31 22:00:00,CME_MINI:NQ1!,23308.5,24068.5,22775.0,23461.75,10233226.0
2025-08-31 22:00:00,CME_MINI:NQ1!,23479.0,25027.25,23025.25,24901.75,11100272.0
2025-09-30 22:00:00,CME_MINI:NQ1!,24843.0,25394.0,24633.25,25070.5,3575384.0
